razonSocial,precioPorHora,autos
Gonzalo S.R.L,2000.5,Fiat,Rojo,Audi,Azul,35001500.5
Gonzalo S.R.L,2000.5,Fiat,Rojo,Audi,Azul,35001500.5
Test,400.5
Gonzalo S.R.L,2000.5,Fiat,Rojo,Audi,Azul,35001500.5
Test,400.5
Gonzalo S.R.L,2000.5,Fiat,Rojo,Audi,Azul,35001500.5
Test,400.5
Gonzalo S.R.L,2000.5,Fiat,Rojo,Audi,Azul,35001500.5
Test,400.5
Gonzalo S.R.L,2000.5,Fiat,Rojo,Audi,Azul,35001500.5
Test,400.5
Gonzalo S.R.L,2000.5,Fiat,Rojo,Audi,Azul,35001500.5
Gonzalo S.R.L,2000.5,Fiat,Rojo,Audi,Azul,35001500.5
Gonzalo S.R.L,2000.5,Fiat,Rojo,Audi,Azul,35001500.5
Test,400.5,Fiat,Negro,Fiat,Rojo,Audi,Azul,35001500.5,Audi,Azul,45001500.5,Peugeot,Gris,5001500.75,15-09-2024 21:14:44